SnomedCTConceptId,Term,Disease,Otherinstructions,origin,Comments
413838009,Other chronic ischaemic heart disease,Coronary Heart Disease AND Ischaemic heart disease,,['efi AND Lauren_codelist'],eFI2 SNOMED CT 0.24 Renamed ConditionsPowerQuery_separateOut.csv AND snomed_for_LW_codelist_using_Pieta_powerQuery_separateOut.csv
443502000,Coronary atherosclerosis,Coronary Heart Disease AND Ischaemic heart disease,,['efi AND Lauren_codelist'],eFI2 SNOMED CT 0.24 Renamed ConditionsPowerQuery_separateOut.csv AND snomed_for_LW_codelist_using_Pieta_powerQuery_separateOut.csv
233817007,Triple vessel disease of the heart,Coronary Heart Disease AND Ischaemic heart disease,,['efi AND Lauren_codelist'],eFI2 SNOMED CT 0.24 Renamed ConditionsPowerQuery_separateOut.csv AND snomed_for_LW_codelist_using_Pieta_powerQuery_separateOut.csv
53741008,Coronary artery disease,Coronary Heart Disease AND Ischaemic heart disease,,['efi AND Lauren_codelist'],eFI2 SNOMED CT 0.24 Renamed ConditionsPowerQuery_separateOut.csv AND snomed_for_LW_codelist_using_Pieta_powerQuery_separateOut.csv
194842008,Single coronary vessel disease,Coronary Heart Disease AND Ischaemic heart disease,,['efi AND Lauren_codelist'],eFI2 SNOMED CT 0.24 Renamed ConditionsPowerQuery_separateOut.csv AND snomed_for_LW_codelist_using_Pieta_powerQuery_separateOut.csv
194843003,Double coronary vessel disease,Coronary Heart Disease AND Ischaemic heart disease,,['efi AND Lauren_codelist'],eFI2 SNOMED CT 0.24 Renamed ConditionsPowerQuery_separateOut.csv AND snomed_for_LW_codelist_using_Pieta_powerQuery_separateOut.csv
194849004,Ischaemic cardiomyopathy,Coronary Heart Disease AND Ischaemic heart disease,,['efi AND Lauren_codelist'],eFI2 SNOMED CT 0.24 Renamed ConditionsPowerQuery_separateOut.csv AND snomed_for_LW_codelist_using_Pieta_powerQuery_separateOut.csv
233823002,Silent myocardial ischaemia,Coronary Heart Disease AND Ischaemic heart disease,,['efi AND Lauren_codelist'],eFI2 SNOMED CT 0.24 Renamed ConditionsPowerQuery_separateOut.csv AND snomed_for_LW_codelist_using_Pieta_powerQuery_separateOut.csv
413844008,Chronic coronary insufficiency,Coronary Heart Disease AND Ischaemic heart disease,,['efi AND Lauren_codelist'],eFI2 SNOMED CT 0.24 Renamed ConditionsPowerQuery_separateOut.csv AND snomed_for_LW_codelist_using_Pieta_powerQuery_separateOut.csv
413844008,Chronic myocardial ischaemia,Coronary Heart Disease AND Ischaemic heart disease,,['efi AND Lauren_codelist'],eFI2 SNOMED CT 0.24 Renamed ConditionsPowerQuery_separateOut.csv AND snomed_for_LW_codelist_using_Pieta_powerQuery_separateOut.csv
315348000,Asymptomatic coronary heart disease,Coronary Heart Disease AND Ischaemic heart disease,,['efi AND Lauren_codelist'],eFI2 SNOMED CT 0.24 Renamed ConditionsPowerQuery_separateOut.csv AND snomed_for_LW_codelist_using_Pieta_powerQuery_separateOut.csv
194856005,Subsequent myocardial infarction,Coronary Heart Disease AND Ischaemic heart disease,,['efi AND Lauren_codelist'],eFI2 SNOMED CT 0.24 Renamed ConditionsPowerQuery_separateOut.csv AND snomed_for_LW_codelist_using_Pieta_powerQuery_separateOut.csv
194857001,Subsequent myocardial infarction of anterior wall,Coronary Heart Disease AND Ischaemic heart disease,,['efi AND Lauren_codelist'],eFI2 SNOMED CT 0.24 Renamed ConditionsPowerQuery_separateOut.csv AND snomed_for_LW_codelist_using_Pieta_powerQuery_separateOut.csv
194858006,Subsequent myocardial infarction of inferior wall,Coronary Heart Disease AND Ischaemic heart disease,,['efi AND Lauren_codelist'],eFI2 SNOMED CT 0.24 Renamed ConditionsPowerQuery_separateOut.csv AND snomed_for_LW_codelist_using_Pieta_powerQuery_separateOut.csv
194856005,Subsequent myocardial infarction of other sites,Coronary Heart Disease AND Ischaemic heart disease,,['efi AND Lauren_codelist'],eFI2 SNOMED CT 0.24 Renamed ConditionsPowerQuery_separateOut.csv AND snomed_for_LW_codelist_using_Pieta_powerQuery_separateOut.csv
194856005,Subsequent myocardial infarction of unspecified site,Coronary Heart Disease AND Ischaemic heart disease,,['efi AND Lauren_codelist'],eFI2 SNOMED CT 0.24 Renamed ConditionsPowerQuery_separateOut.csv AND snomed_for_LW_codelist_using_Pieta_powerQuery_separateOut.csv
194863005,Atrial septal defect/curr comp folow acut myocardal infarct,Coronary Heart Disease AND Ischaemic heart disease,,['efi AND Lauren_codelist'],eFI2 SNOMED CT 0.24 Renamed ConditionsPowerQuery_separateOut.csv AND snomed_for_LW_codelist_using_Pieta_powerQuery_separateOut.csv
129574000,Postoperative myocardial infarction,Coronary Heart Disease AND Ischaemic heart disease,,['efi AND Lauren_codelist'],eFI2 SNOMED CT 0.24 Renamed ConditionsPowerQuery_separateOut.csv AND snomed_for_LW_codelist_using_Pieta_powerQuery_separateOut.csv
311792005,Postoperative transmural myocardial infarction anterior wall,Coronary Heart Disease AND Ischaemic heart disease,,['efi AND Lauren_codelist'],eFI2 SNOMED CT 0.24 Renamed ConditionsPowerQuery_separateOut.csv AND snomed_for_LW_codelist_using_Pieta_powerQuery_separateOut.csv
311796008,Postoperative subendocardial myocardial infarction,Coronary Heart Disease AND Ischaemic heart disease,,['efi AND Lauren_codelist'],eFI2 SNOMED CT 0.24 Renamed ConditionsPowerQuery_separateOut.csv AND snomed_for_LW_codelist_using_Pieta_powerQuery_separateOut.csv
129574000,"Postoperative myocardial infarction, unspecified",Coronary Heart Disease AND Ischaemic heart disease,,['efi AND Lauren_codelist'],eFI2 SNOMED CT 0.24 Renamed ConditionsPowerQuery_separateOut.csv AND snomed_for_LW_codelist_using_Pieta_powerQuery_separateOut.csv
414545008,Other specified ischaemic heart disease,Coronary Heart Disease AND Ischaemic heart disease,,['efi AND Lauren_codelist'],eFI2 SNOMED CT 0.24 Renamed ConditionsPowerQuery_separateOut.csv AND snomed_for_LW_codelist_using_Pieta_powerQuery_separateOut.csv
414545008,Ischaemic heart disease NOS,Coronary Heart Disease AND Ischaemic heart disease,,['efi AND Lauren_codelist'],eFI2 SNOMED CT 0.24 Renamed ConditionsPowerQuery_separateOut.csv AND snomed_for_LW_codelist_using_Pieta_powerQuery_separateOut.csv
57054005,[X]Acute transmural myocardial infarction of unspecif site,Coronary Heart Disease AND Ischaemic heart disease,,['efi AND Lauren_codelist'],eFI2 SNOMED CT 0.24 Renamed ConditionsPowerQuery_separateOut.csv AND snomed_for_LW_codelist_using_Pieta_powerQuery_separateOut.csv
194856005,[X]Subsequent myocardial infarction of other sites,Coronary Heart Disease AND Ischaemic heart disease,,['efi AND Lauren_codelist'],eFI2 SNOMED CT 0.24 Renamed ConditionsPowerQuery_separateOut.csv AND snomed_for_LW_codelist_using_Pieta_powerQuery_separateOut.csv
194856005,[X]Subsequent myocardial infarction of unspecified site,Coronary Heart Disease AND Ischaemic heart disease,,['efi AND Lauren_codelist'],eFI2 SNOMED CT 0.24 Renamed ConditionsPowerQuery_separateOut.csv AND snomed_for_LW_codelist_using_Pieta_powerQuery_separateOut.csv
408546009,Coronary artery bypass graft occlusion,Coronary Heart Disease AND Ischaemic heart disease,,['efi AND Lauren_codelist'],eFI2 SNOMED CT 0.24 Renamed ConditionsPowerQuery_separateOut.csv AND snomed_for_LW_codelist_using_Pieta_powerQuery_separateOut.csv
469031000000107,[V]Presence of aortocoronary bypass graft,Coronary Heart Disease AND Ischaemic heart disease,,['efi AND Lauren_codelist'],eFI2 SNOMED CT 0.24 Renamed ConditionsPowerQuery_separateOut.csv AND snomed_for_LW_codelist_using_Pieta_powerQuery_separateOut.csv
469611000000108,[V]Presence of coronary artery bypass graft,Coronary Heart Disease AND Ischaemic heart disease,,['efi AND Lauren_codelist'],eFI2 SNOMED CT 0.24 Renamed ConditionsPowerQuery_separateOut.csv AND snomed_for_LW_codelist_using_Pieta_powerQuery_separateOut.csv
469611000000108,[V]Presence of coronary artery bypass graft - CABG,Coronary Heart Disease AND Ischaemic heart disease,,['efi AND Lauren_codelist'],eFI2 SNOMED CT 0.24 Renamed ConditionsPowerQuery_separateOut.csv AND snomed_for_LW_codelist_using_Pieta_powerQuery_separateOut.csv
194868001,"Thrombosis atrium,auric append&vent/curr comp foll acute MI",Coronary Heart Disease AND Ischaemic heart disease,,['efi AND Lauren_codelist'],eFI2 SNOMED CT 0.24 Renamed ConditionsPowerQuery_separateOut.csv AND snomed_for_LW_codelist_using_Pieta_powerQuery_separateOut.csv
31413008,Coronary artery operations,Coronary Heart Disease AND Ischaemic heart disease,,['efi AND Lauren_codelist'],eFI2 SNOMED CT 0.24 Renamed ConditionsPowerQuery_separateOut.csv AND snomed_for_LW_codelist_using_Pieta_powerQuery_separateOut.csv
232717009,Coronary artery bypass graft operations,Coronary Heart Disease AND Ischaemic heart disease,,['efi AND Lauren_codelist'],eFI2 SNOMED CT 0.24 Renamed ConditionsPowerQuery_separateOut.csv AND snomed_for_LW_codelist_using_Pieta_powerQuery_separateOut.csv
3546002,Saphenous vein graft replacement of coronary artery OS,Coronary Heart Disease AND Ischaemic heart disease,,['efi AND Lauren_codelist'],eFI2 SNOMED CT 0.24 Renamed ConditionsPowerQuery_separateOut.csv AND snomed_for_LW_codelist_using_Pieta_powerQuery_separateOut.csv
3546002,Saphenous vein graft replacement coronary artery NOS,Coronary Heart Disease AND Ischaemic heart disease,,['efi AND Lauren_codelist'],eFI2 SNOMED CT 0.24 Renamed ConditionsPowerQuery_separateOut.csv AND snomed_for_LW_codelist_using_Pieta_powerQuery_separateOut.csv
232717009,Other autograft replacement of coronary artery OS,Coronary Heart Disease AND Ischaemic heart disease,,['efi AND Lauren_codelist'],eFI2 SNOMED CT 0.24 Renamed ConditionsPowerQuery_separateOut.csv AND snomed_for_LW_codelist_using_Pieta_powerQuery_separateOut.csv
232717009,Other autograft replacement of coronary artery NOS,Coronary Heart Disease AND Ischaemic heart disease,,['efi AND Lauren_codelist'],eFI2 SNOMED CT 0.24 Renamed ConditionsPowerQuery_separateOut.csv AND snomed_for_LW_codelist_using_Pieta_powerQuery_separateOut.csv
232717009,Connection of other thoracic artery to coronary artery NOS,Coronary Heart Disease AND Ischaemic heart disease,,['efi AND Lauren_codelist'],eFI2 SNOMED CT 0.24 Renamed ConditionsPowerQuery_separateOut.csv AND snomed_for_LW_codelist_using_Pieta_powerQuery_separateOut.csv
31413008,Other specified other open operation on coronary artery,Coronary Heart Disease AND Ischaemic heart disease,,['efi AND Lauren_codelist'],eFI2 SNOMED CT 0.24 Renamed ConditionsPowerQuery_separateOut.csv AND snomed_for_LW_codelist_using_Pieta_powerQuery_separateOut.csv
31413008,Other open operation on coronary artery NOS,Coronary Heart Disease AND Ischaemic heart disease,,['efi AND Lauren_codelist'],eFI2 SNOMED CT 0.24 Renamed ConditionsPowerQuery_separateOut.csv AND snomed_for_LW_codelist_using_Pieta_powerQuery_separateOut.csv
11101003,Transluminal balloon angioplasty of coronary artery OS,Coronary Heart Disease AND Ischaemic heart disease,,['efi AND Lauren_codelist'],eFI2 SNOMED CT 0.24 Renamed ConditionsPowerQuery_separateOut.csv AND snomed_for_LW_codelist_using_Pieta_powerQuery_separateOut.csv
11101003,Transluminal balloon angioplasty of coronary artery NOS,Coronary Heart Disease AND Ischaemic heart disease,,['efi AND Lauren_codelist'],eFI2 SNOMED CT 0.24 Renamed ConditionsPowerQuery_separateOut.csv AND snomed_for_LW_codelist_using_Pieta_powerQuery_separateOut.csv
31413008,Other therapeutic transluminal op on coronary artery OS,Coronary Heart Disease AND Ischaemic heart disease,,['efi AND Lauren_codelist'],eFI2 SNOMED CT 0.24 Renamed ConditionsPowerQuery_separateOut.csv AND snomed_for_LW_codelist_using_Pieta_powerQuery_separateOut.csv
31413008,Repair of coronary artery NEC,Coronary Heart Disease AND Ischaemic heart disease,,['efi AND Lauren_codelist'],eFI2 SNOMED CT 0.24 Renamed ConditionsPowerQuery_separateOut.csv AND snomed_for_LW_codelist_using_Pieta_powerQuery_separateOut.csv
31413008,Other specified repair of coronary artery,Coronary Heart Disease AND Ischaemic heart disease,,['efi AND Lauren_codelist'],eFI2 SNOMED CT 0.24 Renamed ConditionsPowerQuery_separateOut.csv AND snomed_for_LW_codelist_using_Pieta_powerQuery_separateOut.csv
31413008,Repair of coronary artery NOS,Coronary Heart Disease AND Ischaemic heart disease,,['efi AND Lauren_codelist'],eFI2 SNOMED CT 0.24 Renamed ConditionsPowerQuery_separateOut.csv AND snomed_for_LW_codelist_using_Pieta_powerQuery_separateOut.csv
232717009,Other replacement of coronary artery,Coronary Heart Disease AND Ischaemic heart disease,,['efi AND Lauren_codelist'],eFI2 SNOMED CT 0.24 Renamed ConditionsPowerQuery_separateOut.csv AND snomed_for_LW_codelist_using_Pieta_powerQuery_separateOut.csv
232717009,Other specified replacement of coronary artery,Coronary Heart Disease AND Ischaemic heart disease,,['efi AND Lauren_codelist'],eFI2 SNOMED CT 0.24 Renamed ConditionsPowerQuery_separateOut.csv AND snomed_for_LW_codelist_using_Pieta_powerQuery_separateOut.csv
232717009,Replacement of coronary artery NOS,Coronary Heart Disease AND Ischaemic heart disease,,['efi AND Lauren_codelist'],eFI2 SNOMED CT 0.24 Renamed ConditionsPowerQuery_separateOut.csv AND snomed_for_LW_codelist_using_Pieta_powerQuery_separateOut.csv
232717009,Other bypass of coronary artery,Coronary Heart Disease AND Ischaemic heart disease,,['efi AND Lauren_codelist'],eFI2 SNOMED CT 0.24 Renamed ConditionsPowerQuery_separateOut.csv AND snomed_for_LW_codelist_using_Pieta_powerQuery_separateOut.csv
232717009,Other specified other bypass of coronary artery,Coronary Heart Disease AND Ischaemic heart disease,,['efi AND Lauren_codelist'],eFI2 SNOMED CT 0.24 Renamed ConditionsPowerQuery_separateOut.csv AND snomed_for_LW_codelist_using_Pieta_powerQuery_separateOut.csv
232717009,Other bypass of coronary artery NOS,Coronary Heart Disease AND Ischaemic heart disease,,['efi AND Lauren_codelist'],eFI2 SNOMED CT 0.24 Renamed ConditionsPowerQuery_separateOut.csv AND snomed_for_LW_codelist_using_Pieta_powerQuery_separateOut.csv
31413008,Other specified operations on coronary artery,Coronary Heart Disease AND Ischaemic heart disease,,['efi AND Lauren_codelist'],eFI2 SNOMED CT 0.24 Renamed ConditionsPowerQuery_separateOut.csv AND snomed_for_LW_codelist_using_Pieta_powerQuery_separateOut.csv
31413008,Coronary artery operations NOS,Coronary Heart Disease AND Ischaemic heart disease,,['efi AND Lauren_codelist'],eFI2 SNOMED CT 0.24 Renamed ConditionsPowerQuery_separateOut.csv AND snomed_for_LW_codelist_using_Pieta_powerQuery_separateOut.csv
414545008,Ischaemic heart disease,Coronary Heart Disease AND Ischaemic heart disease,,['efi AND Lauren_codelist'],eFI2 SNOMED CT 0.24 Renamed ConditionsPowerQuery_separateOut.csv AND snomed_for_LW_codelist_using_Pieta_powerQuery_separateOut.csv
414545008,IHD - Ischaemic heart disease,Coronary Heart Disease AND Ischaemic heart disease,,['efi AND Lauren_codelist'],eFI2 SNOMED CT 0.24 Renamed ConditionsPowerQuery_separateOut.csv AND snomed_for_LW_codelist_using_Pieta_powerQuery_separateOut.csv
57054005,Acute myocardial infarction,Coronary Heart Disease AND Ischaemic heart disease,,['efi AND Lauren_codelist'],eFI2 SNOMED CT 0.24 Renamed ConditionsPowerQuery_separateOut.csv AND snomed_for_LW_codelist_using_Pieta_powerQuery_separateOut.csv
398274000,Coronary thrombosis,Coronary Heart Disease AND Ischaemic heart disease,,['efi AND Lauren_codelist'],eFI2 SNOMED CT 0.24 Renamed ConditionsPowerQuery_separateOut.csv AND snomed_for_LW_codelist_using_Pieta_powerQuery_separateOut.csv
233847009,Cardiac rupture following myocardial infarction (MI),Coronary Heart Disease AND Ischaemic heart disease,,['efi AND Lauren_codelist'],eFI2 SNOMED CT 0.24 Renamed ConditionsPowerQuery_separateOut.csv AND snomed_for_LW_codelist_using_Pieta_powerQuery_separateOut.csv
22298006,Heart attack,Coronary Heart Disease AND Ischaemic heart disease,,['efi AND Lauren_codelist'],eFI2 SNOMED CT 0.24 Renamed ConditionsPowerQuery_separateOut.csv AND snomed_for_LW_codelist_using_Pieta_powerQuery_separateOut.csv
398274000,Thrombosis - coronary,Coronary Heart Disease AND Ischaemic heart disease,,['efi AND Lauren_codelist'],eFI2 SNOMED CT 0.24 Renamed ConditionsPowerQuery_separateOut.csv AND snomed_for_LW_codelist_using_Pieta_powerQuery_separateOut.csv
233843008,Silent myocardial infarction,Coronary Heart Disease AND Ischaemic heart disease,,['efi AND Lauren_codelist'],eFI2 SNOMED CT 0.24 Renamed ConditionsPowerQuery_separateOut.csv AND snomed_for_LW_codelist_using_Pieta_powerQuery_separateOut.csv
70211005,Acute anterolateral infarction,Coronary Heart Disease AND Ischaemic heart disease,,['efi AND Lauren_codelist'],eFI2 SNOMED CT 0.24 Renamed ConditionsPowerQuery_separateOut.csv AND snomed_for_LW_codelist_using_Pieta_powerQuery_separateOut.csv
54329005,Other specified anterior myocardial infarction,Coronary Heart Disease AND Ischaemic heart disease,,['efi AND Lauren_codelist'],eFI2 SNOMED CT 0.24 Renamed ConditionsPowerQuery_separateOut.csv AND snomed_for_LW_codelist_using_Pieta_powerQuery_separateOut.csv
52035003,Acute anteroapical infarction,Coronary Heart Disease AND Ischaemic heart disease,,['efi AND Lauren_codelist'],eFI2 SNOMED CT 0.24 Renamed ConditionsPowerQuery_separateOut.csv AND snomed_for_LW_codelist_using_Pieta_powerQuery_separateOut.csv
54329005,Anterior myocardial infarction NOS,Coronary Heart Disease AND Ischaemic heart disease,,['efi AND Lauren_codelist'],eFI2 SNOMED CT 0.24 Renamed ConditionsPowerQuery_separateOut.csv AND snomed_for_LW_codelist_using_Pieta_powerQuery_separateOut.csv
76593002,Acute inferoposterior infarction,Coronary Heart Disease AND Ischaemic heart disease,,['efi AND Lauren_codelist'],eFI2 SNOMED CT 0.24 Renamed ConditionsPowerQuery_separateOut.csv AND snomed_for_LW_codelist_using_Pieta_powerQuery_separateOut.csv
233838001,Posterior myocardial infarction NOS,Coronary Heart Disease AND Ischaemic heart disease,,['efi AND Lauren_codelist'],eFI2 SNOMED CT 0.24 Renamed ConditionsPowerQuery_separateOut.csv AND snomed_for_LW_codelist_using_Pieta_powerQuery_separateOut.csv
58612006,Lateral myocardial infarction NOS,Coronary Heart Disease AND Ischaemic heart disease,,['efi AND Lauren_codelist'],eFI2 SNOMED CT 0.24 Renamed ConditionsPowerQuery_separateOut.csv AND snomed_for_LW_codelist_using_Pieta_powerQuery_separateOut.csv
194802003,True posterior myocardial infarction,Coronary Heart Disease AND Ischaemic heart disease,,['efi AND Lauren_codelist'],eFI2 SNOMED CT 0.24 Renamed ConditionsPowerQuery_separateOut.csv AND snomed_for_LW_codelist_using_Pieta_powerQuery_separateOut.csv
70422006,Acute subendocardial infarction,Coronary Heart Disease AND Ischaemic heart disease,,['efi AND Lauren_codelist'],eFI2 SNOMED CT 0.24 Renamed ConditionsPowerQuery_separateOut.csv AND snomed_for_LW_codelist_using_Pieta_powerQuery_separateOut.csv
307140009,Acute non-Q wave infarction,Coronary Heart Disease AND Ischaemic heart disease,,['efi AND Lauren_codelist'],eFI2 SNOMED CT 0.24 Renamed ConditionsPowerQuery_separateOut.csv AND snomed_for_LW_codelist_using_Pieta_powerQuery_separateOut.csv
401314000,Acute non-ST segment elevation myocardial infarction,Coronary Heart Disease AND Ischaemic heart disease,,['efi AND Lauren_codelist'],eFI2 SNOMED CT 0.24 Renamed ConditionsPowerQuery_separateOut.csv AND snomed_for_LW_codelist_using_Pieta_powerQuery_separateOut.csv
73795002,Inferior myocardial infarction NOS,Coronary Heart Disease AND Ischaemic heart disease,,['efi AND Lauren_codelist'],eFI2 SNOMED CT 0.24 Renamed ConditionsPowerQuery_separateOut.csv AND snomed_for_LW_codelist_using_Pieta_powerQuery_separateOut.csv
304914007,Acute Q-wave infarct,Coronary Heart Disease AND Ischaemic heart disease,,['efi AND Lauren_codelist'],eFI2 SNOMED CT 0.24 Renamed ConditionsPowerQuery_separateOut.csv AND snomed_for_LW_codelist_using_Pieta_powerQuery_separateOut.csv
91335003,Mural thrombosis,Coronary Heart Disease AND Ischaemic heart disease,,['efi AND Lauren_codelist'],eFI2 SNOMED CT 0.24 Renamed ConditionsPowerQuery_separateOut.csv AND snomed_for_LW_codelist_using_Pieta_powerQuery_separateOut.csv
15990001,Acute posterolateral myocardial infarction,Coronary Heart Disease AND Ischaemic heart disease,,['efi AND Lauren_codelist'],eFI2 SNOMED CT 0.24 Renamed ConditionsPowerQuery_separateOut.csv AND snomed_for_LW_codelist_using_Pieta_powerQuery_separateOut.csv
57054005,Acute transmural myocardial infarction of unspecif site,Coronary Heart Disease AND Ischaemic heart disease,,['efi AND Lauren_codelist'],eFI2 SNOMED CT 0.24 Renamed ConditionsPowerQuery_separateOut.csv AND snomed_for_LW_codelist_using_Pieta_powerQuery_separateOut.csv
401303003,Acute ST segment elevation myocardial infarction,Coronary Heart Disease AND Ischaemic heart disease,,['efi AND Lauren_codelist'],eFI2 SNOMED CT 0.24 Renamed ConditionsPowerQuery_separateOut.csv AND snomed_for_LW_codelist_using_Pieta_powerQuery_separateOut.csv
57054005,Other acute myocardial infarction,Coronary Heart Disease AND Ischaemic heart disease,,['efi AND Lauren_codelist'],eFI2 SNOMED CT 0.24 Renamed ConditionsPowerQuery_separateOut.csv AND snomed_for_LW_codelist_using_Pieta_powerQuery_separateOut.csv
194809007,Acute atrial infarction,Coronary Heart Disease AND Ischaemic heart disease,,['efi AND Lauren_codelist'],eFI2 SNOMED CT 0.24 Renamed ConditionsPowerQuery_separateOut.csv AND snomed_for_LW_codelist_using_Pieta_powerQuery_separateOut.csv
10273003,Acute papillary muscle infarction,Coronary Heart Disease AND Ischaemic heart disease,,['efi AND Lauren_codelist'],eFI2 SNOMED CT 0.24 Renamed ConditionsPowerQuery_separateOut.csv AND snomed_for_LW_codelist_using_Pieta_powerQuery_separateOut.csv
79009004,Acute septal infarction,Coronary Heart Disease AND Ischaemic heart disease,,['efi AND Lauren_codelist'],eFI2 SNOMED CT 0.24 Renamed ConditionsPowerQuery_separateOut.csv AND snomed_for_LW_codelist_using_Pieta_powerQuery_separateOut.csv
57054005,Other acute myocardial infarction NOS,Coronary Heart Disease AND Ischaemic heart disease,,['efi AND Lauren_codelist'],eFI2 SNOMED CT 0.24 Renamed ConditionsPowerQuery_separateOut.csv AND snomed_for_LW_codelist_using_Pieta_powerQuery_separateOut.csv
57054005,Acute myocardial infarction NOS,Coronary Heart Disease AND Ischaemic heart disease,,['efi AND Lauren_codelist'],eFI2 SNOMED CT 0.24 Renamed ConditionsPowerQuery_separateOut.csv AND snomed_for_LW_codelist_using_Pieta_powerQuery_separateOut.csv
414545008,Other acute and subacute ischaemic heart disease,Coronary Heart Disease AND Ischaemic heart disease,,['efi AND Lauren_codelist'],eFI2 SNOMED CT 0.24 Renamed ConditionsPowerQuery_separateOut.csv AND snomed_for_LW_codelist_using_Pieta_powerQuery_separateOut.csv
66189004,Postmyocardial infarction syndrome,Coronary Heart Disease AND Ischaemic heart disease,,['efi AND Lauren_codelist'],eFI2 SNOMED CT 0.24 Renamed ConditionsPowerQuery_separateOut.csv AND snomed_for_LW_codelist_using_Pieta_powerQuery_separateOut.csv
66189004,Dressler's syndrome,Coronary Heart Disease AND Ischaemic heart disease,,['efi AND Lauren_codelist'],eFI2 SNOMED CT 0.24 Renamed ConditionsPowerQuery_separateOut.csv AND snomed_for_LW_codelist_using_Pieta_powerQuery_separateOut.csv
4557003,Preinfarction syndrome,Coronary Heart Disease AND Ischaemic heart disease,,['efi AND Lauren_codelist'],eFI2 SNOMED CT 0.24 Renamed ConditionsPowerQuery_separateOut.csv AND snomed_for_LW_codelist_using_Pieta_powerQuery_separateOut.csv
25106000,Impending infarction,Coronary Heart Disease AND Ischaemic heart disease,,['efi AND Lauren_codelist'],eFI2 SNOMED CT 0.24 Renamed ConditionsPowerQuery_separateOut.csv AND snomed_for_LW_codelist_using_Pieta_powerQuery_separateOut.csv
194821006,MI - Myocardial infarction aborted,Coronary Heart Disease AND Ischaemic heart disease,,['efi AND Lauren_codelist'],eFI2 SNOMED CT 0.24 Renamed ConditionsPowerQuery_separateOut.csv AND snomed_for_LW_codelist_using_Pieta_powerQuery_separateOut.csv
394659003,Acute coronary syndrome,Coronary Heart Disease AND Ischaemic heart disease,,['efi AND Lauren_codelist'],eFI2 SNOMED CT 0.24 Renamed ConditionsPowerQuery_separateOut.csv AND snomed_for_LW_codelist_using_Pieta_powerQuery_separateOut.csv
4557003,Preinfarction syndrome NOS,Coronary Heart Disease AND Ischaemic heart disease,,['efi AND Lauren_codelist'],eFI2 SNOMED CT 0.24 Renamed ConditionsPowerQuery_separateOut.csv AND snomed_for_LW_codelist_using_Pieta_powerQuery_separateOut.csv
194821006,Coronary thrombosis not resulting in myocardial infarction,Coronary Heart Disease AND Ischaemic heart disease,,['efi AND Lauren_codelist'],eFI2 SNOMED CT 0.24 Renamed ConditionsPowerQuery_separateOut.csv AND snomed_for_LW_codelist_using_Pieta_powerQuery_separateOut.csv
414545008,Other acute and subacute ischaemic heart disease,Coronary Heart Disease AND Ischaemic heart disease,,['efi AND Lauren_codelist'],eFI2 SNOMED CT 0.24 Renamed ConditionsPowerQuery_separateOut.csv AND snomed_for_LW_codelist_using_Pieta_powerQuery_separateOut.csv
194823009,Acute coronary insufficiency,Coronary Heart Disease AND Ischaemic heart disease,,['efi AND Lauren_codelist'],eFI2 SNOMED CT 0.24 Renamed ConditionsPowerQuery_separateOut.csv AND snomed_for_LW_codelist_using_Pieta_powerQuery_separateOut.csv
42531007,Microinfarction of heart,Coronary Heart Disease AND Ischaemic heart disease,,['efi AND Lauren_codelist'],eFI2 SNOMED CT 0.24 Renamed ConditionsPowerQuery_separateOut.csv AND snomed_for_LW_codelist_using_Pieta_powerQuery_separateOut.csv
46109009,Subendocardial ischaemia,Coronary Heart Disease AND Ischaemic heart disease,,['efi AND Lauren_codelist'],eFI2 SNOMED CT 0.24 Renamed ConditionsPowerQuery_separateOut.csv AND snomed_for_LW_codelist_using_Pieta_powerQuery_separateOut.csv
414545008,Other acute and subacute ischaemic heart disease NOS,Coronary Heart Disease AND Ischaemic heart disease,,['efi AND Lauren_codelist'],eFI2 SNOMED CT 0.24 Renamed ConditionsPowerQuery_separateOut.csv AND snomed_for_LW_codelist_using_Pieta_powerQuery_separateOut.csv
1755008,Healed myocardial infarction,Coronary Heart Disease AND Ischaemic heart disease,,['efi AND Lauren_codelist'],eFI2 SNOMED CT 0.24 Renamed ConditionsPowerQuery_separateOut.csv AND snomed_for_LW_codelist_using_Pieta_powerQuery_separateOut.csv
399211009,Personal history of myocardial infarction,Coronary Heart Disease AND Ischaemic heart disease,,['efi AND Lauren_codelist'],eFI2 SNOMED CT 0.24 Renamed ConditionsPowerQuery_separateOut.csv AND snomed_for_LW_codelist_using_Pieta_powerQuery_separateOut.csv
23687008,Coronary artery spasm,Coronary Heart Disease AND Ischaemic heart disease,,['efi AND Lauren_codelist'],eFI2 SNOMED CT 0.24 Renamed ConditionsPowerQuery_separateOut.csv AND snomed_for_LW_codelist_using_Pieta_powerQuery_separateOut.csv
161502000,H/O: myocardial infarct <60,Coronary Heart Disease AND Ischaemic heart disease,,['efi AND Lauren_codelist'],eFI2 SNOMED CT 0.24 Renamed ConditionsPowerQuery_separateOut.csv AND snomed_for_LW_codelist_using_Pieta_powerQuery_separateOut.csv
308065005,H/O: Myocardial infarction in last year,Coronary Heart Disease AND Ischaemic heart disease,,['efi AND Lauren_codelist'],eFI2 SNOMED CT 0.24 Renamed ConditionsPowerQuery_separateOut.csv AND snomed_for_LW_codelist_using_Pieta_powerQuery_separateOut.csv
4557003,Preinfarction syndrome NOS,Coronary Heart Disease AND Ischaemic heart disease,,['efi AND Lauren_codelist'],eFI2 SNOMED CT 0.24 Renamed ConditionsPowerQuery_separateOut.csv AND snomed_for_LW_codelist_using_Pieta_powerQuery_separateOut.csv
194821006,Coronary thrombosis not resulting in myocardial infarction,Coronary Heart Disease AND Ischaemic heart disease,,['efi AND Lauren_codelist'],eFI2 SNOMED CT 0.24 Renamed ConditionsPowerQuery_separateOut.csv AND snomed_for_LW_codelist_using_Pieta_powerQuery_separateOut.csv
194823009,Acute coronary insufficiency,Coronary Heart Disease AND Ischaemic heart disease,,['efi AND Lauren_codelist'],eFI2 SNOMED CT 0.24 Renamed ConditionsPowerQuery_separateOut.csv AND snomed_for_LW_codelist_using_Pieta_powerQuery_separateOut.csv
394659003,Acute coronary syndrome,Coronary Heart Disease AND Ischaemic heart disease,,['efi AND Lauren_codelist'],eFI2 SNOMED CT 0.24 Renamed ConditionsPowerQuery_separateOut.csv AND snomed_for_LW_codelist_using_Pieta_powerQuery_separateOut.csv
194865003,Ruptur cardiac wall w'out haemopericard/cur comp fol ac MI,Coronary Heart Disease,,['Lauren_codelist'],snomed_for_LW_codelist_using_Pieta_powerQuery_separateOut.csv
233845001,Cardiac syndrome X,Coronary Heart Disease,,['Lauren_codelist'],snomed_for_LW_codelist_using_Pieta_powerQuery_separateOut.csv
233885007,Post infarction pericarditis,Coronary Heart Disease,,['Lauren_codelist'],snomed_for_LW_codelist_using_Pieta_powerQuery_separateOut.csv
428375006,[V]Presence of coronary angioplasty implant and graft,Coronary Heart Disease,,['Lauren_codelist'],snomed_for_LW_codelist_using_Pieta_powerQuery_separateOut.csv
398651000000109,[V]Status following coronary angioplasty NOS,Coronary Heart Disease,,['Lauren_codelist'],snomed_for_LW_codelist_using_Pieta_powerQuery_separateOut.csv
175021005,Other specified allograft replacement of coronary artery,Coronary Heart Disease,,['Lauren_codelist'],snomed_for_LW_codelist_using_Pieta_powerQuery_separateOut.csv
175021005,Allograft replacement of coronary artery NOS,Coronary Heart Disease,,['Lauren_codelist'],snomed_for_LW_codelist_using_Pieta_powerQuery_separateOut.csv
175029007,Prosthetic replacement of coronary artery NOS,Coronary Heart Disease,,['Lauren_codelist'],snomed_for_LW_codelist_using_Pieta_powerQuery_separateOut.csv
175036008,Other specified revision of bypass for coronary artery,Coronary Heart Disease,,['Lauren_codelist'],snomed_for_LW_codelist_using_Pieta_powerQuery_separateOut.csv
175036008,Revision of bypass for coronary artery NOS,Coronary Heart Disease,,['Lauren_codelist'],snomed_for_LW_codelist_using_Pieta_powerQuery_separateOut.csv
175045009,Connection of mammary artery to coronary artery NOS,Coronary Heart Disease,,['Lauren_codelist'],snomed_for_LW_codelist_using_Pieta_powerQuery_separateOut.csv
175076003,Diagnostic transluminal operations on coronary artery,Coronary Heart Disease,,['Lauren_codelist'],snomed_for_LW_codelist_using_Pieta_powerQuery_separateOut.csv
175076003,Diagnostic transluminal operation on coronary artery OS,Coronary Heart Disease,,['Lauren_codelist'],snomed_for_LW_codelist_using_Pieta_powerQuery_separateOut.csv
175076003,Diagnostic transluminal operation on coronary artery NOS,Coronary Heart Disease,,['Lauren_codelist'],snomed_for_LW_codelist_using_Pieta_powerQuery_separateOut.csv
20738002,Endarterectomy of coronary artery NEC,Coronary Heart Disease,,['Lauren_codelist'],snomed_for_LW_codelist_using_Pieta_powerQuery_separateOut.csv
175085003,Replacement of coronary arteries using multiple methods,Coronary Heart Disease,,['Lauren_codelist'],snomed_for_LW_codelist_using_Pieta_powerQuery_separateOut.csv
312611005,Percutaneous transluminal angioplasty of vascular graft,Coronary Heart Disease,,['Lauren_codelist'],snomed_for_LW_codelist_using_Pieta_powerQuery_separateOut.csv
315026000,Transient myocardial ischaemia,Coronary Heart Disease,,['Lauren_codelist'],snomed_for_LW_codelist_using_Pieta_powerQuery_separateOut.csv
412747004,Radionuclide heart study abnormal,Coronary Heart Disease,,['Lauren_codelist'],snomed_for_LW_codelist_using_Pieta_powerQuery_separateOut.csv
165084003,Exercise tolerance test abnormal,Coronary Heart Disease,,['Lauren_codelist'],snomed_for_LW_codelist_using_Pieta_powerQuery_separateOut.csv
164934002,ECG: T wave abnormal,Coronary Heart Disease,,['Lauren_codelist'],snomed_for_LW_codelist_using_Pieta_powerQuery_separateOut.csv
276861004,Percutaneous transluminal angioplasty of artery NEC,Coronary Heart Disease,,['Lauren_codelist'],snomed_for_LW_codelist_using_Pieta_powerQuery_separateOut.csv
175764006,Rotary blade angioplasty,Coronary Heart Disease,,['Lauren_codelist'],snomed_for_LW_codelist_using_Pieta_powerQuery_separateOut.csv
426674009,Percutaneous transluminal balloon angioplasty of artery,Coronary Heart Disease,,['Lauren_codelist'],snomed_for_LW_codelist_using_Pieta_powerQuery_separateOut.csv
175882004,Peroperative angioplasty,Coronary Heart Disease,,['Lauren_codelist'],snomed_for_LW_codelist_using_Pieta_powerQuery_separateOut.csv
312610006,Prosthetic graft patch angioplasty,Coronary Heart Disease,,['Lauren_codelist'],snomed_for_LW_codelist_using_Pieta_powerQuery_separateOut.csv
213037002,Mechanical complication of coronary bypass,Coronary Heart Disease,,['Lauren_codelist'],snomed_for_LW_codelist_using_Pieta_powerQuery_separateOut.csv
275544003,H/O: cardiovasc disease (& [heart disord][myocard problem]),Ischaemic heart disease,,['efi'],eFI2 SNOMED CT 0.24 Renamed ConditionsPowerQuery_separateOut.csv
266995000,H/O: cardiovasc disease (& [heart disord][myocard problem]),Ischaemic heart disease,,['efi'],eFI2 SNOMED CT 0.24 Renamed ConditionsPowerQuery_separateOut.csv
275905002,H/O: cardiovasc disease (& [heart disord][myocard problem]),Ischaemic heart disease,,['efi'],eFI2 SNOMED CT 0.24 Renamed ConditionsPowerQuery_separateOut.csv
161503005,H/O: myocardial infarct at greater than 60,Ischaemic heart disease,,['efi'],eFI2 SNOMED CT 0.24 Renamed ConditionsPowerQuery_separateOut.csv
308068007,H/O: Treatment for ischaemic heart disease,Ischaemic heart disease,,['efi'],eFI2 SNOMED CT 0.24 Renamed ConditionsPowerQuery_separateOut.csv
164865005,ECG: myocardial infarction,Ischaemic heart disease,,['efi'],eFI2 SNOMED CT 0.24 Renamed ConditionsPowerQuery_separateOut.csv
164868007,ECG: antero-septal infarct.,Ischaemic heart disease,,['efi'],eFI2 SNOMED CT 0.24 Renamed ConditionsPowerQuery_separateOut.csv
164869004,ECG:posterior/inferior infarct,Ischaemic heart disease,,['efi'],eFI2 SNOMED CT 0.24 Renamed ConditionsPowerQuery_separateOut.csv
164870003,ECG: subendocardial infarct,Ischaemic heart disease,,['efi'],eFI2 SNOMED CT 0.24 Renamed ConditionsPowerQuery_separateOut.csv
164871004,ECG: lateral infarction,Ischaemic heart disease,,['efi'],eFI2 SNOMED CT 0.24 Renamed ConditionsPowerQuery_separateOut.csv
315614006,Coronary heart disease annual review,Ischaemic heart disease,,['efi'],eFI2 SNOMED CT 0.24 Renamed ConditionsPowerQuery_separateOut.csv
390799004,Coronary heart disease review,Ischaemic heart disease,,['efi'],eFI2 SNOMED CT 0.24 Renamed ConditionsPowerQuery_separateOut.csv
315287002,Diab mellit insulin-glucose infus acute myocardial infarct,Ischaemic heart disease,,['efi'],eFI2 SNOMED CT 0.24 Renamed ConditionsPowerQuery_separateOut.csv
394724007,Coronary heart disease medication review,Ischaemic heart disease,,['efi'],eFI2 SNOMED CT 0.24 Renamed ConditionsPowerQuery_separateOut.csv
699245006,Admit ischaemic heart disease emergency,Ischaemic heart disease,,['efi'],eFI2 SNOMED CT 0.24 Renamed ConditionsPowerQuery_separateOut.csv
62695002,Acute anteroseptal infarction,Ischaemic heart disease,,['efi'],eFI2 SNOMED CT 0.24 Renamed ConditionsPowerQuery_separateOut.csv
65547006,Acute myocardial infarction of interolateral wall,Ischaemic heart disease,,['efi'],eFI2 SNOMED CT 0.24 Renamed ConditionsPowerQuery_separateOut.csv
371068009,Certain current complication follow acute myocardial infarct,Ischaemic heart disease,,['efi'],eFI2 SNOMED CT 0.24 Renamed ConditionsPowerQuery_separateOut.csv
194862000,Haemopericardium/current comp folow acut myocard infarct,Ischaemic heart disease,,['efi'],eFI2 SNOMED CT 0.24 Renamed ConditionsPowerQuery_separateOut.csv
233846000,Ventric septal defect/curr comp fol acut myocardal infarctn,Ischaemic heart disease,,['efi'],eFI2 SNOMED CT 0.24 Renamed ConditionsPowerQuery_separateOut.csv
194866002,Ruptur chordae tendinae/curr comp fol acute myocard infarct,Ischaemic heart disease,,['efi'],eFI2 SNOMED CT 0.24 Renamed ConditionsPowerQuery_separateOut.csv
194867006,Rupture papillary muscle/curr comp fol acute myocard infarct,Ischaemic heart disease,,['efi'],eFI2 SNOMED CT 0.24 Renamed ConditionsPowerQuery_separateOut.csv
36969009,Insertion of coronary artery stent,Ischaemic heart disease,,['efi'],eFI2 SNOMED CT 0.24 Renamed ConditionsPowerQuery_separateOut.csv
414795007,Myocardial ischaemia,Ischaemic heart disease,,['efi'],eFI2 SNOMED CT 0.24 Renamed ConditionsPowerQuery_separateOut.csv
233825009,Acute Q wave infarction or Acute Q wave infarction - anterseptal (disorder),Ischaemic heart disease,,['efi'],eFI2 SNOMED CT 0.24 Renamed ConditionsPowerQuery_separateOut.csv
233827001,Acute Q wave infarction - anterolateral,Ischaemic heart disease,,['efi'],eFI2 SNOMED CT 0.24 Renamed ConditionsPowerQuery_separateOut.csv
233833005,Acute Q wave infarction - lateral,Ischaemic heart disease,,['efi'],eFI2 SNOMED CT 0.24 Renamed ConditionsPowerQuery_separateOut.csv
233835003,Acute widespread myocardial infarction (disorder),Ischaemic heart disease,,['efi'],eFI2 SNOMED CT 0.24 Renamed ConditionsPowerQuery_separateOut.csv
233837006,Acute non-Q wave infarction - widespread (disroder),Ischaemic heart disease,,['efi'],eFI2 SNOMED CT 0.24 Renamed ConditionsPowerQuery_separateOut.csv
414024009,Ischaemic heart disease,Ischaemic heart disease,,['efi'],eFI2 SNOMED CT 0.24 Renamed ConditionsPowerQuery_separateOut.csv
67682002,Coronary atherosclerosis,Ischaemic heart disease,,['efi'],eFI2 SNOMED CT 0.24 Renamed ConditionsPowerQuery_separateOut.csv
311793000,Postoperative transmural myocardial infarction of inferior wall,Ischaemic heart disease,,['efi'],eFI2 SNOMED CT 0.24 Renamed ConditionsPowerQuery_separateOut.csv
394710008,First myocardial infarction (disorder),Ischaemic heart disease,,['efi'],eFI2 SNOMED CT 0.24 Renamed ConditionsPowerQuery_separateOut.csv
302881000000102,Cardiovascular disease annual review declined,Ischaemic heart disease,,['efi'],eFI2 SNOMED CT 0.24 Renamed ConditionsPowerQuery_separateOut.csv
810681000000101,Coronary microvascular disease (disorder),Ischaemic heart disease,,['efi'],eFI2 SNOMED CT 0.24 Renamed ConditionsPowerQuery_separateOut.csv
72092001,Cardiovasc. arterioscl. unspec,Ischaemic heart disease,,['efi'],eFI2 SNOMED CT 0.24 Renamed ConditionsPowerQuery_separateOut.csv
233826005,Acute non-Q infarct-anterosept,Ischaemic heart disease,,['efi'],eFI2 SNOMED CT 0.24 Renamed ConditionsPowerQuery_separateOut.csv
233828006,Acute non-Q infarct-anterolat,Ischaemic heart disease,,['efi'],eFI2 SNOMED CT 0.24 Renamed ConditionsPowerQuery_separateOut.csv
233829003,Acute Q infarct-inferior,Ischaemic heart disease,,['efi'],eFI2 SNOMED CT 0.24 Renamed ConditionsPowerQuery_separateOut.csv
233830008,Acute non-Q infarct-inferior,Ischaemic heart disease,,['efi'],eFI2 SNOMED CT 0.24 Renamed ConditionsPowerQuery_separateOut.csv
233831007,Acute Q infarct-inferolateral,Ischaemic heart disease,,['efi'],eFI2 SNOMED CT 0.24 Renamed ConditionsPowerQuery_separateOut.csv
233832000,Acute non-Q infarct-inferolat,Ischaemic heart disease,,['efi'],eFI2 SNOMED CT 0.24 Renamed ConditionsPowerQuery_separateOut.csv
233834004,Acute non-Q infarct-lateral,Ischaemic heart disease,,['efi'],eFI2 SNOMED CT 0.24 Renamed ConditionsPowerQuery_separateOut.csv
233836002,Acute Q infarct-widespread,Ischaemic heart disease,,['efi'],eFI2 SNOMED CT 0.24 Renamed ConditionsPowerQuery_separateOut.csv
233840006,Old MI-inferior,Ischaemic heart disease,,['efi'],eFI2 SNOMED CT 0.24 Renamed ConditionsPowerQuery_separateOut.csv
233844002,Accel cor dis transplant ht,Ischaemic heart disease,,['efi'],eFI2 SNOMED CT 0.24 Renamed ConditionsPowerQuery_separateOut.csv
38716007,Atherosclerosis,Ischaemic heart disease,,['efi'],eFI2 SNOMED CT 0.24 Renamed ConditionsPowerQuery_separateOut.csv
441574008,Atherosclerosis,Ischaemic heart disease,,['efi'],eFI2 SNOMED CT 0.24 Renamed ConditionsPowerQuery_separateOut.csv
50808002,Other specif. artery atheroma,Ischaemic heart disease,,['efi'],eFI2 SNOMED CT 0.24 Renamed ConditionsPowerQuery_separateOut.csv
233970002,Coronary artery stenosis,Ischaemic heart disease,,['efi'],eFI2 SNOMED CT 0.24 Renamed ConditionsPowerQuery_separateOut.csv
29899005,Coronary embolus,Ischaemic heart disease,,['efi'],eFI2 SNOMED CT 0.24 Renamed ConditionsPowerQuery_separateOut.csv
63739005,Coronary artery occluded,Ischaemic heart disease,,['efi'],eFI2 SNOMED CT 0.24 Renamed ConditionsPowerQuery_separateOut.csv
251024009,Coronary graft stenosis,Ischaemic heart disease,,['efi'],eFI2 SNOMED CT 0.24 Renamed ConditionsPowerQuery_separateOut.csv
28574005,Coronary artery abnormality,Ischaemic heart disease,,['efi'],eFI2 SNOMED CT 0.24 Renamed ConditionsPowerQuery_separateOut.csv
204379001,Cong.stricture coronary artery,Ischaemic heart disease,,['efi'],eFI2 SNOMED CT 0.24 Renamed ConditionsPowerQuery_separateOut.csv
26900001,Coronary orifice stenosis,Ischaemic heart disease,,['efi'],eFI2 SNOMED CT 0.24 Renamed ConditionsPowerQuery_separateOut.csv
399261000,[V]Pres/aortcoronry bypss grft,Ischaemic heart disease,,['efi'],eFI2 SNOMED CT 0.24 Renamed ConditionsPowerQuery_separateOut.csv
194861007,Certain curnt comp fol acut MI,Ischaemic heart disease,,['efi'],eFI2 SNOMED CT 0.24 Renamed ConditionsPowerQuery_separateOut.csv
281091000,Ischaemic myocard dysfunction,Ischaemic heart disease,,['efi'],eFI2 SNOMED CT 0.24 Renamed ConditionsPowerQuery_separateOut.csv
281092007,Stunned myocardium,Ischaemic heart disease,,['efi'],eFI2 SNOMED CT 0.24 Renamed ConditionsPowerQuery_separateOut.csv
281093002,Hibernating myocardium,Ischaemic heart disease,,['efi'],eFI2 SNOMED CT 0.24 Renamed ConditionsPowerQuery_separateOut.csv
314207007,Non-Q wave myocardial infarctn,Ischaemic heart disease,,['efi'],eFI2 SNOMED CT 0.24 Renamed ConditionsPowerQuery_separateOut.csv
424045003,Myocardial bridge coronary art,Ischaemic heart disease,,['efi'],eFI2 SNOMED CT 0.24 Renamed ConditionsPowerQuery_separateOut.csv
698378009,CABG operation planned,Ischaemic heart disease,,['efi'],eFI2 SNOMED CT 0.24 Renamed ConditionsPowerQuery_separateOut.csv
698377004,Coronary angioplasty planned,Ischaemic heart disease,,['efi'],eFI2 SNOMED CT 0.24 Renamed ConditionsPowerQuery_separateOut.csv
719678003,Nonobstr coronry athrosclrosis,Ischaemic heart disease,,['efi'],eFI2 SNOMED CT 0.24 Renamed ConditionsPowerQuery_separateOut.csv
1089431000000107,Postoperative nontransmural myocardial infarction (disorder),Coronary Heart Disease,,['ManchesterGitHub'],coronary-heart-disease.snomed.txt
1089451000000100,Acute nontransmural myocardial infarction (disorder),Coronary Heart Disease,,['ManchesterGitHub'],coronary-heart-disease.snomed.txt
1089471000000109,Acute transmural myocardial infarction (disorder),Coronary Heart Disease,,['ManchesterGitHub'],coronary-heart-disease.snomed.txt
10971000087107,Myocardial ischemia during surgery (disorder),Coronary Heart Disease,,['ManchesterGitHub'],coronary-heart-disease.snomed.txt
11018701000119109,Coronary arteriosclerosis after percutaneous coronary angioplasty (disorder),Coronary Heart Disease,,['ManchesterGitHub'],coronary-heart-disease.snomed.txt
1163420005,Pericardial effusion following myocardial infarction (disorder),Coronary Heart Disease,,['ManchesterGitHub'],coronary-heart-disease.snomed.txt
1163440003,Postoperative acute myocardial infarction (disorder),Coronary Heart Disease,,['ManchesterGitHub'],coronary-heart-disease.snomed.txt
1204152002,Acute inferior non-ST segment elevation myocardial infarction (disorder),Coronary Heart Disease,,['ManchesterGitHub'],coronary-heart-disease.snomed.txt
1204222000,Acute non-ST segment elevation myocardial infarction of right ventricle (disorder),Coronary Heart Disease,,['ManchesterGitHub'],coronary-heart-disease.snomed.txt
12238111000119106,Acute ST segment elevation myocardial infarction of inferolateral wall (disorder),Coronary Heart Disease,,['ManchesterGitHub'],coronary-heart-disease.snomed.txt
123642008,Right coronary artery occlusion (disorder),Coronary Heart Disease,,['ManchesterGitHub'],coronary-heart-disease.snomed.txt
1254657004,Stenosis of proximal portion of right coronary artery (disorder),Coronary Heart Disease,,['ManchesterGitHub'],coronary-heart-disease.snomed.txt
1254658009,Stenosis of mid portion of right coronary artery (disorder),Coronary Heart Disease,,['ManchesterGitHub'],coronary-heart-disease.snomed.txt
1254659001,Stenosis of distal portion of right coronary artery (disorder),Coronary Heart Disease,,['ManchesterGitHub'],coronary-heart-disease.snomed.txt
1254660006,Stenosis of marginal branch of right coronary artery (disorder),Coronary Heart Disease,,['ManchesterGitHub'],coronary-heart-disease.snomed.txt
1254661005,Stenosis of posterior lateral branch of right coronary artery (disorder),Coronary Heart Disease,,['ManchesterGitHub'],coronary-heart-disease.snomed.txt
1254663008,Stenosis of distal portion of anterior descending branch of left coronary artery (disorder),Coronary Heart Disease,,['ManchesterGitHub'],coronary-heart-disease.snomed.txt
1255256006,Stenosis of proximal portion of circumflex branch of left coronary artery (disorder),Coronary Heart Disease,,['ManchesterGitHub'],coronary-heart-disease.snomed.txt
1255258007,Stenosis of distal portion of circumflex branch of left coronary artery (disorder),Coronary Heart Disease,,['ManchesterGitHub'],coronary-heart-disease.snomed.txt
1255265004,Stenosis of proximal portion of anterior descending branch of left coronary artery (disorder),Coronary Heart Disease,,['ManchesterGitHub'],coronary-heart-disease.snomed.txt
1255569006,Stenosis of ostium of left main coronary artery (disorder),Coronary Heart Disease,,['ManchesterGitHub'],coronary-heart-disease.snomed.txt
1255622006,Stenosis of mid segment of left coronary artery main stem (disorder),Coronary Heart Disease,,['ManchesterGitHub'],coronary-heart-disease.snomed.txt
1255624007,Stenosis of ostium of circumflex branch of left coronary artery (disorder),Coronary Heart Disease,,['ManchesterGitHub'],coronary-heart-disease.snomed.txt
15712841000119100,Acute ST segment elevation myocardial infarction of posterolateral wall (disorder),Coronary Heart Disease,,['ManchesterGitHub'],coronary-heart-disease.snomed.txt
15712881000119105,Acute ST segment elevation myocardial infarction of anterolateral wall (disorder),Coronary Heart Disease,,['ManchesterGitHub'],coronary-heart-disease.snomed.txt
15712921000119103,Acute ST segment elevation myocardial infarction of lateral wall (disorder),Coronary Heart Disease,,['ManchesterGitHub'],coronary-heart-disease.snomed.txt
15713041000119103,Acute ST segment elevation myocardial infarction of posterior wall (disorder),Coronary Heart Disease,,['ManchesterGitHub'],coronary-heart-disease.snomed.txt
15713081000119108,Acute ST segment elevation myocardial infarction due to left coronary artery occlusion (disorder),Coronary Heart Disease,,['ManchesterGitHub'],coronary-heart-disease.snomed.txt
15713121000119105,Acute ST segment elevation myocardial infarction due to right coronary artery occlusion (disorder),Coronary Heart Disease,,['ManchesterGitHub'],coronary-heart-disease.snomed.txt
15713161000119100,Acute ST segment elevation myocardial infarction of septum (disorder),Coronary Heart Disease,,['ManchesterGitHub'],coronary-heart-disease.snomed.txt
15713201000119105,Acute ST segment elevation myocardial infarction of posterobasal wall (disorder),Coronary Heart Disease,,['ManchesterGitHub'],coronary-heart-disease.snomed.txt
15960981000119105,Mural thrombus of left ventricle following acute myocardial infarction (disorder),Coronary Heart Disease,,['ManchesterGitHub'],coronary-heart-disease.snomed.txt
16415081000119104,Supraventricular tachycardia following acute myocardial infarction (disorder),Coronary Heart Disease,,['ManchesterGitHub'],coronary-heart-disease.snomed.txt
16837681000119104,Myocardial infarction due to demand ischemia (disorder),Coronary Heart Disease,,['ManchesterGitHub'],coronary-heart-disease.snomed.txt
16891151000119103,Coronary artery disease due to type 2 diabetes mellitus (disorder),Coronary Heart Disease,,['ManchesterGitHub'],coronary-heart-disease.snomed.txt
16891191000119108,Coronary artery disease due to type 1 diabetes mellitus (disorder),Coronary Heart Disease,,['ManchesterGitHub'],coronary-heart-disease.snomed.txt
17531000119105,Acute myocardial infarction due to left coronary artery occlusion (disorder),Coronary Heart Disease,,['ManchesterGitHub'],coronary-heart-disease.snomed.txt
225566008,Ischemic chest pain (finding),Coronary Heart Disease,,['ManchesterGitHub'],coronary-heart-disease.snomed.txt
282006,Acute myocardial infarction of basal-lateral wall (disorder),Coronary Heart Disease,,['ManchesterGitHub'],coronary-heart-disease.snomed.txt
285141000119106,Arteriosclerosis of autologous arterial coronary artery bypass graft (disorder),Coronary Heart Disease,,['ManchesterGitHub'],coronary-heart-disease.snomed.txt
285151000119108,Arteriosclerosis of autologous coronary artery bypass graft (disorder),Coronary Heart Disease,,['ManchesterGitHub'],coronary-heart-disease.snomed.txt
285721000119104,History of acute ST segment elevation myocardial infarction (situation),Coronary Heart Disease,,['ManchesterGitHub'],coronary-heart-disease.snomed.txt
285951000119105,Mechanical breakdown of coronary artery bypass graft (disorder),Coronary Heart Disease,,['ManchesterGitHub'],coronary-heart-disease.snomed.txt
285981000119103,Acute ST segment elevation myocardial infarction involving left anterior descending coronary artery (disorder),Coronary Heart Disease,,['ManchesterGitHub'],coronary-heart-disease.snomed.txt
32574007,"Past myocardial infarction diagnosed on electrocardiogram AND/OR other special investigation, but currently presenting no symptoms (disorder)",Coronary Heart Disease,,['ManchesterGitHub'],coronary-heart-disease.snomed.txt
35411000087108,Old infarct of myocardium of anterolateral region (disorder),Coronary Heart Disease,,['ManchesterGitHub'],coronary-heart-disease.snomed.txt
35421000087100,Old infarct of myocardium of inferolateral region (disorder),Coronary Heart Disease,,['ManchesterGitHub'],coronary-heart-disease.snomed.txt
35431000087103,Old infarct of high lateral wall of myocardium (disorder),Coronary Heart Disease,,['ManchesterGitHub'],coronary-heart-disease.snomed.txt
35441000087109,Old infarct of myocardium of posterolateral region (disorder),Coronary Heart Disease,,['ManchesterGitHub'],coronary-heart-disease.snomed.txt
35461000087105,Ischemia of anterior myocardium (disorder),Coronary Heart Disease,,['ManchesterGitHub'],coronary-heart-disease.snomed.txt
35471000087101,Ischemia of apical anterior segment of left cardiac ventricle (disorder),Coronary Heart Disease,,['ManchesterGitHub'],coronary-heart-disease.snomed.txt
35481000087104,Ischemia of myocardium of ventricular septum (disorder),Coronary Heart Disease,,['ManchesterGitHub'],coronary-heart-disease.snomed.txt
35521000087104,Ischemia of myocardium of apex of heart (disorder),Coronary Heart Disease,,['ManchesterGitHub'],coronary-heart-disease.snomed.txt
35541000087108,Ischemia of myocardium of inferior surface of left ventricle (disorder),Coronary Heart Disease,,['ManchesterGitHub'],coronary-heart-disease.snomed.txt
35551000087106,Ischemia of myocardium of inferolateral region (disorder),Coronary Heart Disease,,['ManchesterGitHub'],coronary-heart-disease.snomed.txt
35561000087109,Ischemia of myocardium of inferolateral region of myocardium with extension to posterior myocardium (disorder),Coronary Heart Disease,,['ManchesterGitHub'],coronary-heart-disease.snomed.txt
35571000087100,Ischemia of myocardium of posterolateral region (disorder),Coronary Heart Disease,,['ManchesterGitHub'],coronary-heart-disease.snomed.txt
35581000087103,Ischemia of posterior myocardium (disorder),Coronary Heart Disease,,['ManchesterGitHub'],coronary-heart-disease.snomed.txt
371803003,Multi vessel coronary artery disease (disorder),Coronary Heart Disease,,['ManchesterGitHub'],coronary-heart-disease.snomed.txt
371804009,Left main coronary artery disease (disorder),Coronary Heart Disease,,['ManchesterGitHub'],coronary-heart-disease.snomed.txt
387785661000119105,History of myocardial infarction due to atherothrombotic coronary artery disease (situation),Coronary Heart Disease,,['ManchesterGitHub'],coronary-heart-disease.snomed.txt
413444003,Acute myocardial ischemia (disorder),Coronary Heart Disease,,['ManchesterGitHub'],coronary-heart-disease.snomed.txt
418044006,Myocardial infarction in recovery phase (disorder),Coronary Heart Disease,,['ManchesterGitHub'],coronary-heart-disease.snomed.txt
429391004,New myocardial infarction compared to prior study (finding),Coronary Heart Disease,,['ManchesterGitHub'],coronary-heart-disease.snomed.txt
429673002,Arteriosclerosis of coronary artery bypass graft (disorder),Coronary Heart Disease,,['ManchesterGitHub'],coronary-heart-disease.snomed.txt
442240008,Arteriosclerosis of nonautologous coronary artery bypass graft (disorder),Coronary Heart Disease,,['ManchesterGitHub'],coronary-heart-disease.snomed.txt
442421004,Arteriosclerosis of arterial coronary artery bypass graft (disorder),Coronary Heart Disease,,['ManchesterGitHub'],coronary-heart-disease.snomed.txt
461000119108,History of myocardial infarction in last eight weeks (situation),Coronary Heart Disease,,['ManchesterGitHub'],coronary-heart-disease.snomed.txt
59063002,Acute myocardial infarction of apical-lateral wall (disorder),Coronary Heart Disease,,['ManchesterGitHub'],coronary-heart-disease.snomed.txt
61236006,Aortocoronary artery bypass graft repeated (situation),Coronary Heart Disease,,['ManchesterGitHub'],coronary-heart-disease.snomed.txt
64627002,Acute myocardial infarction of high lateral wall (disorder),Coronary Heart Disease,,['ManchesterGitHub'],coronary-heart-disease.snomed.txt
697976003,Microvascular ischemia of myocardium (disorder),Coronary Heart Disease,,['ManchesterGitHub'],coronary-heart-disease.snomed.txt
698593009,History of non-ST segment elevation myocardial infarction (situation),Coronary Heart Disease,,['ManchesterGitHub'],coronary-heart-disease.snomed.txt
703164000,Acute ST segment elevation myocardial infarction of anterior wall (disorder),Coronary Heart Disease,,['ManchesterGitHub'],coronary-heart-disease.snomed.txt
703212004,Acute myocardial infarction during procedure (disorder),Coronary Heart Disease,,['ManchesterGitHub'],coronary-heart-disease.snomed.txt
703214003,Silent coronary vasospastic disease (disorder),Coronary Heart Disease,,['ManchesterGitHub'],coronary-heart-disease.snomed.txt
703253007,Acute ST segment elevation myocardial infarction of inferior wall involving right ventricle (disorder),Coronary Heart Disease,,['ManchesterGitHub'],coronary-heart-disease.snomed.txt
703328007,Mitral valve regurgitation due to acute myocardial infarction without papillary muscle and chordal rupture (disorder),Coronary Heart Disease,,['ManchesterGitHub'],coronary-heart-disease.snomed.txt
703330009,Mitral valve regurgitation due to acute myocardial infarction with papillary muscle and chordal rupture (disorder),Coronary Heart Disease,,['ManchesterGitHub'],coronary-heart-disease.snomed.txt
713405002,Subacute ischemic heart disease (disorder),Coronary Heart Disease,,['ManchesterGitHub'],coronary-heart-disease.snomed.txt
723858002,Ventricular aneurysm due to and following acute myocardial infarction (disorder),Coronary Heart Disease,,['ManchesterGitHub'],coronary-heart-disease.snomed.txt
723859005,Pulmonary embolism due to and following acute myocardial infarction (disorder),Coronary Heart Disease,,['ManchesterGitHub'],coronary-heart-disease.snomed.txt
723860000,Arrhythmia due to and following acute myocardial infarction (disorder),Coronary Heart Disease,,['ManchesterGitHub'],coronary-heart-disease.snomed.txt
723861001,Cardiogenic shock unrelated to mechanical complications as current complication following acute myocardial infarction (disorder),Coronary Heart Disease,,['ManchesterGitHub'],coronary-heart-disease.snomed.txt
723862008,Atherosclerosis of non-autologous coronary artery bypass graft (disorder),Coronary Heart Disease,,['ManchesterGitHub'],coronary-heart-disease.snomed.txt
724431008,Atherosclerosis of autologous coronary artery bypass graft (disorder),Coronary Heart Disease,,['ManchesterGitHub'],coronary-heart-disease.snomed.txt
726499301000119105,Myocardial infarction due to atherothrombotic coronary artery disease (disorder),Coronary Heart Disease,,['ManchesterGitHub'],coronary-heart-disease.snomed.txt
736978009,Mural thrombus of right ventricle following acute myocardial infarction (disorder),Coronary Heart Disease,,['ManchesterGitHub'],coronary-heart-disease.snomed.txt
78741000119103,Acute coronary artery occlusion not resulting in myocardial infarction (disorder),Coronary Heart Disease,,['ManchesterGitHub'],coronary-heart-disease.snomed.txt
792842004,Coronary arteriosclerosis in artery of transplanted heart (disorder),Coronary Heart Disease,,['ManchesterGitHub'],coronary-heart-disease.snomed.txt
827163002,Early postmyocardial infarction pericarditis (disorder),Coronary Heart Disease,,['ManchesterGitHub'],coronary-heart-disease.snomed.txt
836294006,Acute myocardial infarction of apex of heart (disorder),Coronary Heart Disease,,['ManchesterGitHub'],coronary-heart-disease.snomed.txt
840309000,Acute ST segment elevation myocardial infarction due to occlusion of proximal portion of anterior descending branch of left coronary artery (disorder),Coronary Heart Disease,,['ManchesterGitHub'],coronary-heart-disease.snomed.txt
840310005,Occlusion of proximal portion of anterior descending branch of left coronary artery (disorder),Coronary Heart Disease,,['ManchesterGitHub'],coronary-heart-disease.snomed.txt
840609007,Acute ST segment elevation myocardial infarction due to occlusion of anterior descending branch of left coronary artery (disorder),Coronary Heart Disease,,['ManchesterGitHub'],coronary-heart-disease.snomed.txt
840679006,Occlusion of septal branch of anterior descending branch of left coronary artery (disorder),Coronary Heart Disease,,['ManchesterGitHub'],coronary-heart-disease.snomed.txt
840680009,Acute ST segment elevation myocardial infarction due to occlusion of septal branch of anterior descending branch of left coronary artery (disorder),Coronary Heart Disease,,['ManchesterGitHub'],coronary-heart-disease.snomed.txt
846668006,Acute ST segment elevation myocardial infarction due to occlusion of diagonal branch of anterior descending branch of left coronary artery (disorder),Coronary Heart Disease,,['ManchesterGitHub'],coronary-heart-disease.snomed.txt
846683001,Acute ST segment elevation myocardial infarction due to occlusion of intermediate artery (disorder),Coronary Heart Disease,,['ManchesterGitHub'],coronary-heart-disease.snomed.txt
846684007,Occlusion of intermediate artery (disorder),Coronary Heart Disease,,['ManchesterGitHub'],coronary-heart-disease.snomed.txt
868215007,Occlusion of proximal portion of right coronary artery (disorder),Coronary Heart Disease,,['ManchesterGitHub'],coronary-heart-disease.snomed.txt
868220007,Acute ST segment elevation myocardial infarction due to occlusion of mid portion of right coronary artery (disorder),Coronary Heart Disease,,['ManchesterGitHub'],coronary-heart-disease.snomed.txt
868221006,Occlusion of marginal branch of right coronary artery (disorder),Coronary Heart Disease,,['ManchesterGitHub'],coronary-heart-disease.snomed.txt
868225002,Acute ST segment elevation myocardial infarction due to occlusion of posterior descending branch of right coronary artery (disorder),Coronary Heart Disease,,['ManchesterGitHub'],coronary-heart-disease.snomed.txt
868226001,Acute ST segment elevation myocardial infarction due to occlusion of posterior lateral branch of right coronary artery (disorder),Coronary Heart Disease,,['ManchesterGitHub'],coronary-heart-disease.snomed.txt
876857001,Stenosis of left coronary artery main stem (disorder),Coronary Heart Disease,,['ManchesterGitHub'],coronary-heart-disease.snomed.txt
103011000119106,Coronary arteriosclerosis in patient with history of previous myocardial infarction (situation),Coronary Heart Disease,,['ManchesterGitHub'],coronary-heart-disease.snomed.txt
1077002,Septal infarction by electrocardiogram (finding),Coronary Heart Disease,,['ManchesterGitHub'],coronary-heart-disease.snomed.txt
1089441000000103,Postoperative transmural myocardial infarction (disorder),Coronary Heart Disease,,['ManchesterGitHub'],coronary-heart-disease.snomed.txt
117051000119103,Chronic total occlusion of coronary artery (disorder),Coronary Heart Disease,,['ManchesterGitHub'],coronary-heart-disease.snomed.txt
1204151009,Acute inferior non-ST segment elevation myocardial infarction of right ventricle (disorder),Coronary Heart Disease,,['ManchesterGitHub'],coronary-heart-disease.snomed.txt
1204154001,Acute anterior non-ST segment elevation myocardial infarction with right ventricular involvement (disorder),Coronary Heart Disease,,['ManchesterGitHub'],coronary-heart-disease.snomed.txt
1204155000,Acute anterior non-ST segment elevation myocardial infarction (disorder),Coronary Heart Disease,,['ManchesterGitHub'],coronary-heart-disease.snomed.txt
1208867006,Ventricular thrombus following acute myocardial infarction (disorder),Coronary Heart Disease,,['ManchesterGitHub'],coronary-heart-disease.snomed.txt
1208872002,Subsequent anterior non-ST segment elevation myocardial infarction (disorder),Coronary Heart Disease,,['ManchesterGitHub'],coronary-heart-disease.snomed.txt
1208873007,Subsequent inferior non-ST segment elevation myocardial infarction (disorder),Coronary Heart Disease,,['ManchesterGitHub'],coronary-heart-disease.snomed.txt
12238151000119107,Acute ST segment elevation myocardial infarction of inferoposterior wall (disorder),Coronary Heart Disease,,['ManchesterGitHub'],coronary-heart-disease.snomed.txt
123641001,Left coronary artery occlusion (disorder),Coronary Heart Disease,,['ManchesterGitHub'],coronary-heart-disease.snomed.txt
1254662003,Stenosis of posterior descending branch of right coronary artery (disorder),Coronary Heart Disease,,['ManchesterGitHub'],coronary-heart-disease.snomed.txt
1254666000,Stenosis of ostium of right coronary artery (disorder),Coronary Heart Disease,,['ManchesterGitHub'],coronary-heart-disease.snomed.txt
1255257002,Stenosis of mid portion of circumflex branch of left coronary artery (disorder),Coronary Heart Disease,,['ManchesterGitHub'],coronary-heart-disease.snomed.txt
1255266003,Stenosis of mid portion of anterior descending branch of left coronary artery (disorder),Coronary Heart Disease,,['ManchesterGitHub'],coronary-heart-disease.snomed.txt
1255621004,Stenosis of distal segment of left coronary artery main stem (disorder),Coronary Heart Disease,,['ManchesterGitHub'],coronary-heart-disease.snomed.txt
1255623001,Stenosis of ostium of anterior descending branch of left coronary artery (disorder),Coronary Heart Disease,,['ManchesterGitHub'],coronary-heart-disease.snomed.txt
130541000119100,History of placement of stent in coronary artery bypass graft (situation),Coronary Heart Disease,,['ManchesterGitHub'],coronary-heart-disease.snomed.txt
139011000119104,Coronary arteriosclerosis following coronary artery bypass graft (disorder),Coronary Heart Disease,,['ManchesterGitHub'],coronary-heart-disease.snomed.txt
15712961000119108,Acute ST segment elevation myocardial infarction of anteroseptal wall (disorder),Coronary Heart Disease,,['ManchesterGitHub'],coronary-heart-disease.snomed.txt
1641000119107,Coronary arteriosclerosis in native artery (disorder),Coronary Heart Disease,,['ManchesterGitHub'],coronary-heart-disease.snomed.txt
23311000119105,Acute myocardial infarction due to right coronary artery occlusion (disorder),Coronary Heart Disease,,['ManchesterGitHub'],coronary-heart-disease.snomed.txt
285991000119100,Acute ST segment elevation myocardial infarction involving left main coronary artery (disorder),Coronary Heart Disease,,['ManchesterGitHub'],coronary-heart-disease.snomed.txt
30277009,Rupture of ventricle due to acute myocardial infarction (disorder),Coronary Heart Disease,,['ManchesterGitHub'],coronary-heart-disease.snomed.txt
35401000087106,Old infarct of myocardium of apex of heart (disorder),Coronary Heart Disease,,['ManchesterGitHub'],coronary-heart-disease.snomed.txt
35451000087107,Old infarct of myocardium of ventricular septum (disorder),Coronary Heart Disease,,['ManchesterGitHub'],coronary-heart-disease.snomed.txt
35491000087102,Ischemia of lateral myocardium (disorder),Coronary Heart Disease,,['ManchesterGitHub'],coronary-heart-disease.snomed.txt
35501000087105,Ischemia of myocardium of anterolateral region (disorder),Coronary Heart Disease,,['ManchesterGitHub'],coronary-heart-disease.snomed.txt
35511000087107,Ischemia of myocardium of anteroseptal region (disorder),Coronary Heart Disease,,['ManchesterGitHub'],coronary-heart-disease.snomed.txt
371805005,Significant coronary bypass graft disease (disorder),Coronary Heart Disease,,['ManchesterGitHub'],coronary-heart-disease.snomed.txt
413439005,Acute ischemic heart disease (disorder),Coronary Heart Disease,,['ManchesterGitHub'],coronary-heart-disease.snomed.txt
420006002,Obliterative coronary artery disease (disorder),Coronary Heart Disease,,['ManchesterGitHub'],coronary-heart-disease.snomed.txt
426856002,Ischemic congestive cardiomyopathy (disorder),Coronary Heart Disease,,['ManchesterGitHub'],coronary-heart-disease.snomed.txt
427919004,Coronary arteriosclerosis caused by radiation (disorder),Coronary Heart Disease,,['ManchesterGitHub'],coronary-heart-disease.snomed.txt
428196007,Mixed myocardial ischemia and infarction (disorder),Coronary Heart Disease,,['ManchesterGitHub'],coronary-heart-disease.snomed.txt
42866003,Congenital coronary artery sclerosis (disorder),Coronary Heart Disease,,['ManchesterGitHub'],coronary-heart-disease.snomed.txt
428752002,Recent myocardial infarction (situation),Coronary Heart Disease,,['ManchesterGitHub'],coronary-heart-disease.snomed.txt
429245005,Recurrent coronary arteriosclerosis after percutaneous transluminal coronary angioplasty (disorder),Coronary Heart Disease,,['ManchesterGitHub'],coronary-heart-disease.snomed.txt
442224005,Arteriosclerosis of autologous vein coronary artery bypass graft (disorder),Coronary Heart Disease,,['ManchesterGitHub'],coronary-heart-disease.snomed.txt
444855007,Arteriosclerosis of coronary artery bypass graft of transplanted heart (disorder),Coronary Heart Disease,,['ManchesterGitHub'],coronary-heart-disease.snomed.txt
444856008,Arteriosclerosis of internal mammary artery coronary artery bypass graft (disorder),Coronary Heart Disease,,['ManchesterGitHub'],coronary-heart-disease.snomed.txt
472100003,Ischemic dilated cardiomyopathy due to coronary artery disease (disorder),Coronary Heart Disease,,['ManchesterGitHub'],coronary-heart-disease.snomed.txt
703165004,Acute ST segment elevation myocardial infarction of anterior wall involving right ventricle (disorder),Coronary Heart Disease,,['ManchesterGitHub'],coronary-heart-disease.snomed.txt
703209002,Subsequent ST segment elevation myocardial infarction of inferior wall (disorder),Coronary Heart Disease,,['ManchesterGitHub'],coronary-heart-disease.snomed.txt
703210007,Subsequent ST segment elevation myocardial infarction of anterior wall (disorder),Coronary Heart Disease,,['ManchesterGitHub'],coronary-heart-disease.snomed.txt
703211006,Subsequent ST segment elevation myocardial infarction (disorder),Coronary Heart Disease,,['ManchesterGitHub'],coronary-heart-disease.snomed.txt
703213009,Acute ST segment elevation myocardial infarction of inferior wall (disorder),Coronary Heart Disease,,['ManchesterGitHub'],coronary-heart-disease.snomed.txt
703251009,Acute myocardial infarction of inferior wall involving right ventricle (disorder),Coronary Heart Disease,,['ManchesterGitHub'],coronary-heart-disease.snomed.txt
703252002,Acute myocardial infarction of anterior wall involving right ventricle (disorder),Coronary Heart Disease,,['ManchesterGitHub'],coronary-heart-disease.snomed.txt
703326006,Mitral valve regurgitation due to and following acute myocardial infarction (disorder),Coronary Heart Disease,,['ManchesterGitHub'],coronary-heart-disease.snomed.txt
703360004,Subsequent non-ST segment elevation myocardial infarction (disorder),Coronary Heart Disease,,['ManchesterGitHub'],coronary-heart-disease.snomed.txt
70998009,Acute myocardial infarction of basal inferior segment of left ventricle (disorder),Coronary Heart Disease,,['ManchesterGitHub'],coronary-heart-disease.snomed.txt
71023004,Pericarditis due to acute myocardial infarction (disorder),Coronary Heart Disease,,['ManchesterGitHub'],coronary-heart-disease.snomed.txt
712866001,Resting ischemia co-occurrent and due to ischemic heart disease (disorder),Coronary Heart Disease,,['ManchesterGitHub'],coronary-heart-disease.snomed.txt
776219771000119107,History of myocardial infarction due to demand ischemia (situation),Coronary Heart Disease,,['ManchesterGitHub'],coronary-heart-disease.snomed.txt
82522008,Ischemic contracture of left ventricle syndrome (disorder),Coronary Heart Disease,,['ManchesterGitHub'],coronary-heart-disease.snomed.txt
827164008,Delayed postmyocardial infarction pericarditis (disorder),Coronary Heart Disease,,['ManchesterGitHub'],coronary-heart-disease.snomed.txt
836293000,Acute myocardial infarction of right ventricle (disorder),Coronary Heart Disease,,['ManchesterGitHub'],coronary-heart-disease.snomed.txt
836295007,Acute myocardial infarction of inferolateral wall with posterior extension (disorder),Coronary Heart Disease,,['ManchesterGitHub'],coronary-heart-disease.snomed.txt
840312002,Acute ST segment elevation myocardial infarction due to occlusion of mid portion of anterior descending branch of left coronary artery (disorder),Coronary Heart Disease,,['ManchesterGitHub'],coronary-heart-disease.snomed.txt
840313007,Occlusion of mid portion of anterior descending branch of left coronary artery (disorder),Coronary Heart Disease,,['ManchesterGitHub'],coronary-heart-disease.snomed.txt
840315000,Occlusion of distal portion of anterior descending branch of left coronary artery (disorder),Coronary Heart Disease,,['ManchesterGitHub'],coronary-heart-disease.snomed.txt
840316004,Acute ST segment elevation myocardial infarction due to occlusion of distal portion of anterior descending branch of left coronary artery (disorder),Coronary Heart Disease,,['ManchesterGitHub'],coronary-heart-disease.snomed.txt
840608004,Occlusion of anterior descending branch of left coronary artery (disorder),Coronary Heart Disease,,['ManchesterGitHub'],coronary-heart-disease.snomed.txt
846667001,Occlusion of diagonal branch of anterior descending branch of left coronary artery (disorder),Coronary Heart Disease,,['ManchesterGitHub'],coronary-heart-disease.snomed.txt
868214006,Acute ST segment elevation myocardial infarction due to occlusion of proximal portion of right coronary artery (disorder),Coronary Heart Disease,,['ManchesterGitHub'],coronary-heart-disease.snomed.txt
868216008,Occlusion of distal portion of right coronary artery (disorder),Coronary Heart Disease,,['ManchesterGitHub'],coronary-heart-disease.snomed.txt
868217004,Acute ST segment elevation myocardial infarction due to occlusion of distal portion of right coronary artery (disorder),Coronary Heart Disease,,['ManchesterGitHub'],coronary-heart-disease.snomed.txt
868219001,Occlusion of mid portion of right coronary artery (disorder),Coronary Heart Disease,,['ManchesterGitHub'],coronary-heart-disease.snomed.txt
868222004,Occlusion of posterior descending branch of right coronary artery (disorder),Coronary Heart Disease,,['ManchesterGitHub'],coronary-heart-disease.snomed.txt
868223009,Occlusion of posterior lateral branch of right coronary artery (disorder),Coronary Heart Disease,,['ManchesterGitHub'],coronary-heart-disease.snomed.txt
868224003,Acute ST segment elevation myocardial infarction due to occlusion of marginal branch of right coronary artery (disorder),Coronary Heart Disease,,['ManchesterGitHub'],coronary-heart-disease.snomed.txt
876856005,Stenosis of right coronary artery (disorder),Coronary Heart Disease,,['ManchesterGitHub'],coronary-heart-disease.snomed.txt
876858006,Stenosis of circumflex branch of left coronary artery (disorder),Coronary Heart Disease,,['ManchesterGitHub'],coronary-heart-disease.snomed.txt
876859003,Stenosis of anterior descending branch of left coronary artery (disorder),Coronary Heart Disease,,['ManchesterGitHub'],coronary-heart-disease.snomed.txt
879955009,Myocardial infarction with non-obstructive coronary artery (disorder),Coronary Heart Disease,,['ManchesterGitHub'],coronary-heart-disease.snomed.txt
896689003,Acute myocardial infarction due to occlusion of circumflex branch of left coronary artery (disorder),Coronary Heart Disease,,['ManchesterGitHub'],coronary-heart-disease.snomed.txt
896690007,Occlusion of circumflex branch of left coronary artery (disorder),Coronary Heart Disease,,['ManchesterGitHub'],coronary-heart-disease.snomed.txt
896691006,Acute ST segment elevation myocardial infarction due to occlusion of circumflex branch of left coronary artery (disorder),Coronary Heart Disease,,['ManchesterGitHub'],coronary-heart-disease.snomed.txt
896696001,Acute ST segment elevation myocardial infarction of apex of heart (disorder),Coronary Heart Disease,,['ManchesterGitHub'],coronary-heart-disease.snomed.txt
896697005,Acute ST segment elevation myocardial infarction of right ventricle (disorder),Coronary Heart Disease,,['ManchesterGitHub'],coronary-heart-disease.snomed.txt
92517006,Calcific coronary arteriosclerosis (disorder),Coronary Heart Disease,,['ManchesterGitHub'],coronary-heart-disease.snomed.txt
194795001,Ischaemic heart disease (& [arteriosclerotic]),Coronary Heart Disease,,['ManchesterGitHub'],coronary-heart-disease.snomed.txt
194796000,(Myocardial infarction (& [acute] or [silent] or [cardiac rupture following])) or (coronary thrombosis),Coronary Heart Disease,,['ManchesterGitHub'],coronary-heart-disease.snomed.txt
194841001,Coronary (atherosclerosis or artery disease) or triple vessel disease of the heart,Coronary Heart Disease,,['ManchesterGitHub'],coronary-heart-disease.snomed.txt
266288001,Myocardial infarction (& [acute]) or coronary thrombosis,Coronary Heart Disease,,['ManchesterGitHub'],coronary-heart-disease.snomed.txt
266290000,Heart disease: [arteriosclerotic] or [chronic ischaemic NOS],Coronary Heart Disease,,['ManchesterGitHub'],coronary-heart-disease.snomed.txt
164867002,Electrocardiographic old myocardial infarction (finding),Coronary Heart Disease,,['ManchesterChariot_edh_cvd'],CoronaryHeartDisease_IschaemicHeartDisease_Chariot_snomed_plus_medcodeids.csv
168939002,Coronary arteriography abnormal (finding),Coronary Heart Disease,,['ManchesterChariot_edh_cvd'],CoronaryHeartDisease_IschaemicHeartDisease_Chariot_snomed_plus_medcodeids.csv
386139002,Stenotic coronary artery (finding),Coronary Heart Disease,,['ManchesterChariot_edh_cvd'],CoronaryHeartDisease_IschaemicHeartDisease_Chariot_snomed_plus_medcodeids.csv
33301000119105,Sequela of cardioembolic stroke (disorder),Coronary Heart Disease,,['ManchesterChariot_edh_cvd'],CoronaryHeartDisease_IschaemicHeartDisease_Chariot_snomed_plus_medcodeids.csv
643861000000100,Other acute and subacute ischemic heart disease (disorder),Coronary Heart Disease,,['ManchesterChariot_edh_cvd'],CoronaryHeartDisease_IschaemicHeartDisease_Chariot_snomed_plus_medcodeids.csv
621601000000104,Other chronic ischemic heart disease (disorder),Coronary Heart Disease,,['ManchesterChariot_edh_cvd'],CoronaryHeartDisease_IschaemicHeartDisease_Chariot_snomed_plus_medcodeids.csv